supplier_id,supplier_name,contact_name,email,phone,address
1,Anderson-Thompson,Bonnie Davis,zacharysanchez@hotmail.com,829.485.9853x0522,"392 Carson Court, North Austinport, DE 74239"
2,Rowland Ltd,Beth Stevens,joshua60@yahoo.com,(779)942-0726,"69356 White Crest, Lake Karen, FL 45260"
3,Baxter-Meadows,Lisa Lewis,andersonchristina@yahoo.com,449-766-7325,"446 Robert Trail Suite 291, New Austin, CA 25069"
4,"Wilson, Graham and Williams",David Martinez,abrown@hotmail.com,+1-653-827-5215x266,"7035 Vincent Ports Suite 240, Kimberlyhaven, FL 41087"
5,"Smith, Kennedy and Moreno",Victoria Gonzalez,mary30@williams-moore.com,891-859-2775x35297,"Unit 6444 Box 6186, DPO AE 66767"
6,Middleton LLC,Megan Miller,kelseywilliams@gmail.com,001-724-731-6199x4596,"2189 Nichols Streets Suite 115, Stonefort, NE 48430"
7,Evans Inc,Danielle Moore,ihoffman@warren.com,+1-951-447-1975x770,"035 Joshua Fort Suite 385, Barrettland, MN 69443"
8,"Lawrence, Garcia and Hernandez",Tamara Johnson,georgeherrera@hotmail.com,+1-635-460-8476x270,"8004 Jordan Court Suite 571, East Alisonburgh, CA 07204"
9,"Young, Browning and Ware",Heather Hill,stephensjason@yahoo.com,(514)361-6411x489,"29387 Bailey Union, Brittneyton, MA 24445"
10,"Newton, Valencia and Carr",Kimberly Collins,jonathanjohnston@ashley-williams.com,762-368-3504x8972,"338 Smith Extensions, Teresaville, OR 92153"
11,"Vega, Cook and Miller",Stephen Rogers,ianderson@thompson.com,(545)747-7182x90685,"5464 Audrey Knolls Apt. 784, North Kyleview, MD 40672"
12,Mendoza-Jones,Daniel Archer,clarketodd@bush-parker.com,077.020.6783x0807,"41356 Powell Forges Apt. 773, Harrisborough, CO 91056"
13,Gallagher-Miller,Michael Moore,jesse95@gmail.com,+1-462-260-2525x67365,"6222 Noah Extension Suite 301, South Mark, SC 22261"
14,Miller-Martinez,Paula Morales,floresderek@yahoo.com,+1-700-794-1809x5862,"15257 Felicia Isle, New Jeremy, NV 80092"
15,Freeman-Gordon,Zachary Garcia,angela33@humphrey.org,172-492-5671,"510 Hall Lake, Scottmouth, ND 84719"
16,Tucker-Arnold,Katherine Lopez DVM,michelle03@hotmail.com,001-661-335-2179x4217,"598 Russell Meadows, Velasquezton, CT 07443"
17,Gomez PLC,James Fernandez,lovewarren@harris.info,661-353-3289,"12487 Washington Place, Andrewsstad, RI 81190"
18,Moss-Evans,Jennifer Green,crystalroth@yahoo.com,+1-877-605-7924x7393,"041 Anthony Trafficway Suite 943, East Heather, SC 44597"
19,Charles Inc,Lori Liu,suzanne20@donaldson.net,+1-059-663-9297x67941,"66677 Lewis Bridge Suite 437, Debbiefurt, TX 19251"
20,Ortega-Mahoney,Teresa Miller,ile@hotmail.com,001-415-849-5736x81908,"443 Mary Harbors, Perezshire, WY 72816"
21,Mann-Marshall,Scott Watts,colejoseph@hotmail.com,7317296630,"831 Raymond Island, Christinestad, NM 28407"
22,Hudson Inc,Michael Nguyen,ucochran@osborn.com,+1-563-056-3764x85079,"653 Cannon Crossroad, Walkerport, SD 26705"
23,Douglas Ltd,Jonathan White,michael15@hotmail.com,001-734-858-5527x84897,"8529 Singleton Crossroad, Mccoymouth, LA 10309"
24,"Barker, White and Carson",Cesar Moore,qhogan@yahoo.com,(521)673-3153x7796,"9623 Ashlee Stream, New Lucasmouth, NJ 40316"
25,Barrett Ltd,Kim Wheeler,william52@hotmail.com,+1-887-075-4700,"529 Gallegos Port, South Kellyburgh, NJ 68925"
26,Tran LLC,Anthony Jacobs,bdavis@fuller.com,(460)711-5746,"4740 Nicole Tunnel, Abigailtown, VT 29272"
27,"Franklin, Kane and Price",John Mueller,mitchellpierce@gmail.com,230.183.6177x07682,"235 Anderson Bridge, West Matthewstad, IL 06502"
28,"Stewart, Williams and Cox",Nichole Fuller,mitchelllauren@hotmail.com,001-632-585-1111x529,"17243 Vincent Estates Apt. 922, South William, CA 69420"
29,Johnson-Bass,Megan Carroll,fernandeztiffany@page.net,3531846182,"581 Lisa Greens, Elizabethhaven, AZ 30117"
30,Lloyd and Sons,Sarah Ross,heathkaren@gmail.com,064-804-0646x199,"519 Hudson Valleys Suite 906, Martinville, NV 73420"
31,Taylor-Love,Daniel Mcgrath,perrykeith@kennedy.com,841-905-8982x711,"29772 Stone Common, Angelastad, NE 82387"
32,Elliott-Ayers,Kelly Avery,joseph44@moore-soto.biz,768-127-8200x348,"20025 Billy Drive Apt. 260, Alvarezport, NC 47823"
33,Reynolds-Phillips,Ashlee Montoya,stonewesley@bowen-salinas.biz,+1-869-461-6007x4674,"580 Amy Plains, Jamesview, AR 38447"
34,Moody-Vang,Joseph Peterson,hward@hotmail.com,001-530-230-6560x82908,"588 Stephanie Lane, Port John, AR 31688"
35,"Perez, Price and Wallace",James Rich,natashapierce@knox.com,409.569.6703,"42956 Brian Greens, Davisberg, IN 89563"
36,Wong Group,Lauren Humphrey,hayeseric@george.com,546-100-3064x5276,"78079 Mccormick Crossroad Suite 549, Kaufmanport, HI 67698"
37,Kaufman Ltd,Chelsea Young,wendy80@smith.net,(434)045-1867x11846,"84551 Gutierrez Ridges Apt. 368, South Stephaniemouth, MI 24013"
38,Harris-Cummings,Jonathan Foley,david30@hotmail.com,001-034-624-8811x93395,"18040 Gibson Crest, Robinsonton, VT 47173"
39,Turner-Davis,Matthew Walker,wmurphy@mathis.org,579-218-9601x54220,"240 Jennifer Ville Apt. 539, Pollardfurt, HI 91065"
40,Hall-Brown,Richard Ballard,horneandrew@morgan.biz,+1-500-926-9681,"4552 Mary Views, East Maureen, RI 46251"
41,Clark Group,Stephen George DVM,royjessica@hotmail.com,(769)553-5373,"409 Sandra Drives Apt. 562, Elizabethstad, MN 54053"
42,Henderson LLC,David Moore,benjamin57@yahoo.com,122.972.2988x83535,"76770 Miller Stravenue Apt. 347, New Corey, NV 43618"
43,Rowe PLC,Kevin Mcpherson,marco90@edwards-moran.com,496-064-5206x9241,"473 Keith Lakes, South Heathermouth, MD 84356"
44,Rogers-Greene,Brady Brown,mcdowellkimberly@hotmail.com,883-297-7964x15108,"157 Cantrell Valley, New Ashleyberg, AZ 84817"
45,"Patrick, Walter and Harrison",Mark Stevens,ymiller@hotmail.com,(561)464-9376x280,"89045 Castillo Roads, North Jefferyton, WV 87155"
46,Williams Ltd,Jeffery Allen,jcooper@kim-cook.org,316-798-3465x4653,"63155 Tracy Forest, New Craigview, ND 85028"
47,Morgan-Andrews,Cathy Marshall,fjohnson@gmail.com,088-233-7178x6223,"707 Armstrong Neck Suite 264, Port Christopherhaven, SC 76924"
48,Armstrong-Vance,Regina Nicholson,jacobsonjohn@hotmail.com,+1-836-020-7265x14208,"Unit 1948 Box 2522, DPO AA 82183"
49,Morgan Inc,Eric Farmer,pricejaclyn@jimenez.com,(672)354-2529x76848,"22309 Cooper Trace, Nicolehaven, KY 64855"
50,Hensley-Branch,Jordan Clark,alextucker@freeman.com,(120)216-0730x2946,"9451 Hayden Inlet Apt. 932, Justintown, NH 48348"
